{"indexes":[{"v":{"$numberInt":"2"},"key":{"_id":{"$numberInt":"1"}},"name":"_id_"},{"v":{"$numberInt":"2"},"key":{"balance":{"$numberInt":"1"}},"name":"balance_1","background":true},{"v":{"$numberInt":"2"},"key":{"userId":{"$numberInt":"1"}},"name":"userId_1","background":true},{"v":{"$numberInt":"2"},"key":{"currency":{"$numberInt":"1"}},"name":"currency_1","background":true},{"v":{"$numberInt":"2"},"key":{"currencySymbol":{"$numberInt":"1"}},"name":"currencySymbol_1","background":true},{"v":{"$numberInt":"2"},"key":{"currencyAddress":{"$numberInt":"1"}},"name":"currencyAddress_1","background":true},{"v":{"$numberInt":"2"},"key":{"privateKey":{"$numberInt":"1"}},"name":"privateKey_1","background":true}],"uuid":"132bf0f41a634dfcab9c4ed911191324","collectionName":"Assets","type":"collection"}