{"indexes":[{"v":{"$numberInt":"2"},"key":{"_id":{"$numberInt":"1"}},"name":"_id_"},{"v":{"$numberInt":"2"},"key":{"second_currency":{"$numberInt":"1"}},"name":"second_currency_1","background":true},{"v":{"$numberInt":"2"},"key":{"currency":{"$numberInt":"1"}},"name":"currency_1","background":true},{"v":{"$numberInt":"2"},"key":{"first_currency":{"$numberInt":"1"}},"name":"first_currency_1","background":true}],"uuid":"75d96a24e276448eb7f96789d5731244","collectionName":"AssetExchange","type":"collection"}