{"indexes":[{"v":{"$numberInt":"2"},"key":{"_id":{"$numberInt":"1"}},"name":"_id_"},{"v":{"$numberInt":"2"},"key":{"amount":{"$numberInt":"1"}},"name":"amount_1","background":true},{"v":{"$numberInt":"2"},"key":{"createdAt":{"$numberInt":"1"}},"name":"createdAt_1","background":true},{"v":{"$numberInt":"2"},"key":{"type":{"$numberInt":"1"}},"name":"type_1","background":true},{"v":{"$numberInt":"2"},"key":{"price":{"$numberInt":"1"}},"name":"price_1","background":true},{"v":{"$numberInt":"2"},"key":{"filledAmount":{"$numberInt":"1"}},"name":"filledAmount_1","background":true}],"uuid":"0c5db48d551748cfb2bafe4cae792770","collectionName":"commissions","type":"collection"}