{"indexes":[{"v":{"$numberInt":"2"},"key":{"_id":{"$numberInt":"1"}},"name":"_id_"},{"v":{"$numberInt":"2"},"key":{"pairname":{"$numberInt":"1"}},"name":"pairname_1","background":true},{"v":{"$numberInt":"2"},"key":{"exchangename":{"$numberInt":"1"}},"name":"exchangename_1","background":true},{"v":{"$numberInt":"2"},"key":{"pair":{"$numberInt":"1"}},"name":"pair_1","background":true},{"v":{"$numberInt":"2"},"key":{"volume":{"$numberInt":"1"}},"name":"volume_1","background":true},{"v":{"$numberInt":"2"},"key":{"createdAt":{"$numberInt":"1"}},"name":"createdAt_1","background":true}],"uuid":"e8fe6978307e42ee8bcae80322651fca","collectionName":"exchangePrices","type":"collection"}