{"indexes":[{"v":{"$numberInt":"2"},"key":{"_id":{"$numberInt":"1"}},"name":"_id_"},{"v":{"$numberInt":"2"},"key":{"pair":{"$numberInt":"1"}},"name":"pair_1","background":true},{"v":{"$numberInt":"2"},"key":{"userId":{"$numberInt":"1"}},"name":"userId_1","background":true},{"v":{"$numberInt":"2"},"key":{"quantity":{"$numberInt":"1"}},"name":"quantity_1","background":true},{"v":{"$numberInt":"2"},"key":{"createdDate":{"$numberInt":"1"}},"name":"createdDate_1","background":true},{"v":{"$numberInt":"2"},"key":{"pairname":{"$numberInt":"1"}},"name":"pairname_1","background":true},{"v":{"$numberInt":"2"},"key":{"feerate":{"$numberInt":"1"}},"name":"feerate_1","background":true},{"v":{"$numberInt":"2"},"key":{"order_value":{"$numberInt":"1"}},"name":"order_value_1","background":true},{"v":{"$numberInt":"2"},"key":{"price":{"$numberInt":"1"}},"name":"price_1","background":true},{"v":{"$numberInt":"2"},"key":{"type":{"$numberInt":"1"}},"name":"type_1","background":true},{"v":{"$numberInt":"2"},"key":{"feepaid":{"$numberInt":"1"}},"name":"feepaid_1","background":true}],"uuid":"323d0637e7e3438eaac7b5330f88d472","collectionName":"FundingHistory","type":"collection"}