{"indexes":[{"v":{"$numberInt":"2"},"key":{"_id":{"$numberInt":"1"}},"name":"_id_"},{"v":{"$numberInt":"2"},"key":{"filled.firstCurrency":{"$numberInt":"1"}},"name":"filled.firstCurrency_1","background":true},{"v":{"$numberInt":"2"},"key":{"filled.secondCurrency":{"$numberInt":"1"}},"name":"filled.secondCurrency_1","background":true},{"v":{"$numberInt":"2"},"key":{"filled.pairname":{"$numberInt":"1"}},"name":"filled.pairname_1","background":true},{"v":{"$numberInt":"2"},"key":{"filled.status":{"$numberInt":"1"}},"name":"filled.status_1","background":true},{"v":{"$numberInt":"2"},"key":{"trigger_type":{"$numberInt":"1"}},"name":"trigger_type_1","background":true},{"v":{"$numberInt":"2"},"key":{"stopstatus":{"$numberInt":"1"}},"name":"stopstatus_1","background":true},{"v":{"$numberInt":"2"},"key":{"trigger_ordertype":{"$numberInt":"1"}},"name":"trigger_ordertype_1","background":true},{"v":{"$numberInt":"2"},"key":{"trailstop":{"$numberInt":"1"}},"name":"trailstop_1","background":true}],"uuid":"e65afddcad2145c1b23858032c9fd4f7","collectionName":"perpetualorder","type":"collection"}