{"indexes":[{"v":{"$numberInt":"2"},"key":{"_id":{"$numberInt":"1"}},"name":"_id_"},{"v":{"$numberInt":"2"},"key":{"first_currency":{"$numberInt":"1"}},"name":"first_currency_1","background":true},{"v":{"$numberInt":"2"},"key":{"second_currency":{"$numberInt":"1"}},"name":"second_currency_1","background":true},{"v":{"$numberInt":"2"},"key":{"liq_users":{"$numberInt":"1"}},"name":"liq_users_1","background":true}],"uuid":"a9e47e861dd540a5bc2e4d35858938c4","collectionName":"perpetualPair","type":"collection"}