{"indexes":[{"v":{"$numberInt":"2"},"key":{"_id":{"$numberInt":"1"}},"name":"_id_"},{"v":{"$numberInt":"2"},"key":{"maint_margin":{"$numberInt":"1"}},"name":"maint_margin_1","background":true},{"v":{"$numberInt":"2"},"key":{"first_currency":{"$numberInt":"1"}},"name":"first_currency_1","background":true},{"v":{"$numberInt":"2"},"key":{"second_currency":{"$numberInt":"1"}},"name":"second_currency_1","background":true},{"v":{"$numberInt":"2"},"key":{"liq_users":{"$numberInt":"1"}},"name":"liq_users_1","background":true},{"v":{"$numberInt":"2"},"key":{"initial_margin":{"$numberInt":"1"}},"name":"initial_margin_1","background":true}],"uuid":"1d631344804849d5aa577b808f96627d","collectionName":"perpetual","type":"collection"}