{"indexes":[{"v":{"$numberInt":"2"},"key":{"_id":{"$numberInt":"1"}},"name":"_id_"},{"v":{"$numberInt":"2"},"key":{"botstatus":{"$numberInt":"1"}},"name":"botstatus_1","background":true},{"v":{"$numberInt":"2"},"key":{"instantstatus":{"$numberInt":"1"}},"name":"instantstatus_1","background":true},{"v":{"$numberInt":"2"},"key":{"rapidstatus":{"$numberInt":"1"}},"name":"rapidstatus_1","background":true},{"v":{"$numberInt":"2"},"key":{"pairstatus":{"$numberInt":"1"}},"name":"pairstatus_1","background":true},{"v":{"$numberInt":"2"},"key":{"tiker_root":{"$numberInt":"1"}},"name":"tiker_root_1","background":true},{"v":{"$numberInt":"2"},"key":{"first_currency":{"$numberInt":"1"}},"name":"first_currency_1","background":true},{"v":{"$numberInt":"2"},"key":{"second_currency":{"$numberInt":"1"}},"name":"second_currency_1","background":true}],"uuid":"de88735e3641408ab2942180e48b2eed","collectionName":"spotpairs","type":"collection"}