{"indexes":[{"v":{"$numberInt":"2"},"key":{"_id":{"$numberInt":"1"}},"name":"_id_"},{"v":{"$numberInt":"2"},"key":{"pairname":{"$numberInt":"1"}},"name":"pairname_1","background":true},{"v":{"$numberInt":"2"},"key":{"pair":{"$numberInt":"1"}},"name":"pair_1","background":true},{"v":{"$numberInt":"2"},"key":{"price":{"$numberInt":"1"}},"name":"price_1","background":true},{"v":{"$numberInt":"2"},"key":{"createdAt":{"$numberInt":"1"}},"name":"createdAt_1","background":true}],"uuid":"3712bf74521a4766be3b6e4521bff596","collectionName":"spotPrices","type":"collection"}