{"indexes":[{"v":{"$numberInt":"2"},"key":{"_id":{"$numberInt":"1"}},"name":"_id_"},{"v":{"$numberInt":"2"},"key":{"filled.pairname":{"$numberInt":"1"}},"name":"filled.pairname_1","background":true},{"v":{"$numberInt":"2"},"key":{"trigger_ordertype":{"$numberInt":"1"}},"name":"trigger_ordertype_1","background":true},{"v":{"$numberInt":"2"},"key":{"firstCurrency":{"$numberInt":"1"}},"name":"firstCurrency_1","background":true},{"v":{"$numberInt":"2"},"key":{"trailstop":{"$numberInt":"1"}},"name":"trailstop_1","background":true},{"v":{"$numberInt":"2"},"key":{"filled.pair":{"$numberInt":"1"}},"name":"filled.pair_1","background":true},{"v":{"$numberInt":"2"},"key":{"trigger_type":{"$numberInt":"1"}},"name":"trigger_type_1","background":true},{"v":{"$numberInt":"2"},"key":{"stopstatus":{"$numberInt":"1"}},"name":"stopstatus_1","background":true},{"v":{"$numberInt":"2"},"key":{"status":{"$numberInt":"1"}},"name":"status_1","background":true},{"v":{"$numberInt":"2"},"key":{"filled.Type":{"$numberInt":"1"}},"name":"filled.Type_1","background":true},{"v":{"$numberInt":"2"},"key":{"quantity":{"$numberInt":"1"}},"name":"quantity_1","background":true},{"v":{"$numberInt":"2"},"key":{"filled.buyuseremail":{"$numberInt":"1"}},"name":"filled.buyuseremail_1","background":true},{"v":{"$numberInt":"2"},"key":{"filled.firstCurrency":{"$numberInt":"1"}},"name":"filled.firstCurrency_1","background":true},{"v":{"$numberInt":"2"},"key":{"trigger_price":{"$numberInt":"1"}},"name":"trigger_price_1","background":true},{"v":{"$numberInt":"2"},"key":{"filled.secondCurrency":{"$numberInt":"1"}},"name":"filled.secondCurrency_1","background":true},{"v":{"$numberInt":"2"},"key":{"filled.selluseremail":{"$numberInt":"1"}},"name":"filled.selluseremail_1","background":true},{"v":{"$numberInt":"2"},"key":{"filled.status":{"$numberInt":"1"}},"name":"filled.status_1","background":true},{"v":{"$numberInt":"2"},"key":{"price":{"$numberInt":"1"}},"name":"price_1","background":true},{"v":{"$numberInt":"2"},"key":{"secondCurrency":{"$numberInt":"1"}},"name":"secondCurrency_1","background":true}],"uuid":"78afb781b253498c8792f20b5fb28c16","collectionName":"spottradeTable","type":"collection"}