{"indexes":[{"v":{"$numberInt":"2"},"key":{"_id":{"$numberInt":"1"}},"name":"_id_"},{"v":{"$numberInt":"2"},"key":{"filled.firstCurrency":{"$numberInt":"1"}},"name":"filled.firstCurrency_1","background":true},{"v":{"$numberInt":"2"},"key":{"filled.secondCurrency":{"$numberInt":"1"}},"name":"filled.secondCurrency_1","background":true},{"v":{"$numberInt":"2"},"key":{"filled.status":{"$numberInt":"1"}},"name":"filled.status_1","background":true}],"uuid":"6268c172652d4387961f0570b7b82f8b","collectionName":"spotOrder","type":"collection"}