{"indexes":[{"v":{"$numberInt":"2"},"key":{"_id":{"$numberInt":"1"}},"name":"_id_"},{"v":{"$numberInt":"2"},"key":{"trigger_price":{"$numberInt":"1"}},"name":"trigger_price_1","background":true},{"v":{"$numberInt":"2"},"key":{"trailstop":{"$numberInt":"1"}},"name":"trailstop_1","background":true},{"v":{"$numberInt":"2"},"key":{"filled.firstCurrency":{"$numberInt":"1"}},"name":"filled.firstCurrency_1","background":true},{"v":{"$numberInt":"2"},"key":{"filled.Type":{"$numberInt":"1"}},"name":"filled.Type_1","background":true},{"v":{"$numberInt":"2"},"key":{"firstCurrency":{"$numberInt":"1"}},"name":"firstCurrency_1","background":true},{"v":{"$numberInt":"2"},"key":{"filled.pair":{"$numberInt":"1"}},"name":"filled.pair_1","background":true},{"v":{"$numberInt":"2"},"key":{"filled.secondCurrency":{"$numberInt":"1"}},"name":"filled.secondCurrency_1","background":true},{"v":{"$numberInt":"2"},"key":{"filled.status":{"$numberInt":"1"}},"name":"filled.status_1","background":true},{"v":{"$numberInt":"2"},"key":{"secondCurrency":{"$numberInt":"1"}},"name":"secondCurrency_1","background":true},{"v":{"$numberInt":"2"},"key":{"status":{"$numberInt":"1"}},"name":"status_1","background":true},{"v":{"$numberInt":"2"},"key":{"filled.pairname":{"$numberInt":"1"}},"name":"filled.pairname_1","background":true},{"v":{"$numberInt":"2"},"key":{"price":{"$numberInt":"1"}},"name":"price_1","background":true},{"v":{"$numberInt":"2"},"key":{"orderCost":{"$numberInt":"1"}},"name":"orderCost_1","background":true},{"v":{"$numberInt":"2"},"key":{"position_status":{"$numberInt":"1"}},"name":"position_status_1","background":true},{"v":{"$numberInt":"2"},"key":{"quantity":{"$numberInt":"1"}},"name":"quantity_1","background":true}],"uuid":"8b02327e5b404b9798d5d1b587a1a218","collectionName":"tradeTable","type":"collection"}